{"cameraMode":{"drawMode":0,"name":"Shaded","section":"Shading Mode"},"sceneLighting":false,"audioPlay":false,"sceneViewState":{"m_AlwaysRefresh":true,"showFog":true,"showSkybox":false,"showFlares":true,"showImageEffects":true,"showParticleSystems":true,"showVisualEffectGraphs":true,"m_FxEnabled":true},"in2DMode":false,"pivot":{"x":0.00002396106719970703,"y":0.844188928604126,"z":4.981960773468018},"rotation":{"x":-0.1443597674369812,"y":0.6976332664489746,"z":-0.14671963453292848,"w":-0.6862796545028687},"size":1.3422785997390748,"orthographic":false}