{"cameraMode":{"drawMode":0,"name":"Shaded","section":"Shading Mode"},"sceneLighting":false,"audioPlay":false,"sceneViewState":{"m_AlwaysRefresh":true,"showFog":true,"showSkybox":false,"showFlares":true,"showImageEffects":true,"showParticleSystems":true,"showVisualEffectGraphs":true,"m_FxEnabled":true},"in2DMode":false,"pivot":{"x":3.2300000190734865,"y":0.5850201845169067,"z":-3.035135507583618},"rotation":{"x":-0.024601975455880166,"y":0.9739015102386475,"z":-0.12961722910404206,"w":-0.18497875332832337},"size":2.521608591079712,"orthographic":false}